,ID,y
0,1,1
1,2,2
2,3,1
3,4,1
4,5,0
5,8,2
6,10,0
7,11,2
8,12,0
9,14,2
10,15,0
11,16,0
12,17,2
13,19,2
14,20,0
15,21,2
16,22,0
17,23,2
18,26,2
19,28,2
20,29,2
21,33,2
22,35,2
23,41,2
24,42,2
25,43,0
26,45,3
27,46,3
28,51,2
29,53,1
30,55,0
31,56,2
32,57,3
33,58,2
34,59,3
35,63,0
36,64,2
37,65,0
38,69,2
39,71,2
40,72,3
41,73,2
42,76,3
43,77,3
44,78,0
45,82,2
46,83,0
47,84,2
48,85,3
49,87,0
50,88,2
51,89,0
52,91,2
53,93,2
54,94,3
55,95,2
56,96,0
57,97,2
58,98,0
59,99,2
60,101,3
61,103,0
62,104,2
63,105,0
64,110,2
65,111,0
66,113,0
67,114,2
68,115,0
69,117,0
70,120,2
71,121,0
72,122,2
73,123,0
74,126,0
75,132,0
76,135,0
77,137,3
78,138,2
79,140,2
80,142,0
81,144,0
82,148,2
83,149,0
84,155,2
85,156,0
86,157,2
87,162,0
88,163,2
89,167,2
90,172,0
91,179,0
92,180,2
93,181,0
94,182,2
95,183,0
96,185,0
97,187,0
98,188,2
99,189,2
100,191,2
101,192,0
102,193,2
103,194,0
104,195,2
105,196,0
106,198,2
107,199,0
108,201,0
109,204,2
110,205,0
111,206,2
112,210,2
113,211,3
114,216,0
115,219,0
116,220,2
117,221,0
118,226,0
119,227,2
120,228,0
121,230,0
122,231,2
123,235,0
124,236,2
125,238,0
126,242,3
127,243,2
128,244,1
129,245,0
130,247,0
131,248,2
132,249,2
133,250,0
134,251,2
135,253,0
136,254,2
137,256,2
138,257,2
139,258,0
140,259,2
141,262,2
142,266,2
143,267,0
144,272,3
145,273,0
146,275,2
147,276,0
148,279,2
149,280,0
150,283,2
151,285,0
152,288,0
153,289,2
154,290,3
155,291,2
156,292,0
157,293,0
158,296,2
159,297,0
160,298,0
161,299,2
162,304,2
163,305,1
164,306,2
165,307,0
166,311,0
167,313,0
168,314,2
169,316,2
170,324,2
171,327,2
172,329,2
173,330,0
174,337,3
175,338,2
176,339,0
177,340,2
178,343,2
179,345,0
180,346,2
181,347,0
182,349,0
183,350,2
184,352,0
185,353,2
186,354,1
187,357,2
188,358,0
189,362,0
190,364,0
191,365,0
192,366,2
193,367,0
194,368,2
195,370,1
196,373,2
197,377,2
198,378,0
199,382,3
200,384,0
201,390,2
202,392,0
203,393,0
204,395,2
205,396,0
206,399,1
207,406,0
208,408,0
209,409,2
210,410,1
211,412,0
212,413,2
213,419,2
214,420,0
215,421,2
216,430,2
217,434,2
218,436,2
219,437,2
220,438,2
221,439,0
222,440,2
223,443,0
224,446,2
225,448,2
226,452,2
227,453,3
228,457,0
229,458,2
230,459,0
231,460,3
232,462,0
233,464,3
234,465,0
235,467,0
236,471,0
237,472,1
238,473,2
239,475,2
240,480,2
241,488,0
242,490,0
243,491,3
244,492,1
245,493,2
246,497,2
247,498,0
248,499,2
249,500,0
250,501,2
251,502,0
252,506,1
253,510,0
254,511,2
255,512,2
256,516,2
257,518,2
258,519,0
259,521,2
260,522,0
261,526,0
262,529,2
263,532,0
264,533,2
265,536,0
266,537,2
267,539,2
268,540,3
269,541,2
270,543,2
271,546,0
272,547,2
273,548,1
274,551,2
275,552,3
276,556,3
277,557,2
278,558,0
279,559,2
280,560,0
281,562,0
282,566,2
283,570,0
284,571,2
285,572,0
286,573,2
287,575,0
288,576,0
289,577,2
290,579,2
291,580,0
292,581,0
293,589,0
294,591,3
295,593,2
296,594,3
297,595,2
298,598,2
299,602,0
300,604,0
301,606,0
302,608,2
303,609,3
304,610,2
305,616,0
306,617,2
307,618,3
308,620,3
309,622,0
310,623,2
311,624,0
312,626,0
313,628,0
314,629,2
315,630,0
316,637,2
317,638,0
318,643,2
319,645,2
320,646,0
321,648,2
322,652,2
323,653,2
324,654,0
325,656,0
326,657,2
327,659,2
328,660,3
329,663,2
330,664,0
331,666,3
332,668,0
333,669,2
334,671,2
335,675,2
336,677,2
337,678,0
338,679,0
339,682,2
340,685,3
341,687,2
342,688,2
343,693,0
344,696,2
345,698,2
346,701,2
347,704,3
348,705,0
349,709,0
350,710,2
351,711,3
352,712,2
353,714,0
354,715,2
355,716,0
356,717,2
357,720,0
358,721,2
359,724,3
360,725,2
361,726,0
362,728,0
363,731,2
364,734,3
365,738,2
366,745,0
367,746,2
368,751,1
369,754,2
370,756,2
371,758,2
372,759,0
373,761,0
374,766,2
375,767,0
376,768,2
377,769,0
378,770,2
379,771,1
380,772,3
381,773,2
382,774,0
383,776,0
384,777,2
385,780,0
386,782,3
387,787,3
388,788,2
389,792,2
390,793,0
391,798,2
392,800,2
393,806,0
394,809,0
395,811,0
396,812,2
397,814,0
398,816,3
399,817,2
400,818,3
401,820,0
402,823,2
403,829,2
404,830,0
405,831,2
406,834,0
407,839,2
408,841,1
409,844,3
410,845,2
411,848,2
412,850,2
413,851,3
414,852,2
415,854,2
416,855,2
417,856,3
418,859,3
419,861,0
420,864,2
421,865,0
422,866,2
423,867,2
424,869,2
425,871,2
426,872,0
427,882,3
428,883,2
429,885,2
430,888,2
431,893,0
432,901,0
433,903,3
434,904,2
435,905,3
436,910,2
437,911,0
438,914,0
439,918,0
440,921,2
441,928,2
442,929,3
443,932,2
444,933,3
445,934,2
446,935,0
447,937,1
448,939,2
449,940,3
450,941,2
451,942,3
452,943,2
453,944,3
454,947,0
455,949,0
456,951,0
457,952,2
458,953,3
459,954,2
460,957,0
461,959,2
462,960,0
463,963,0
464,965,0
465,967,3
466,971,2
467,972,1
468,973,2
469,974,0
470,975,2
471,978,0
472,980,0
473,981,2
474,984,0
475,986,2
476,988,2
477,989,0
478,990,3
479,992,0
480,996,2
481,999,0
482,1000,2
483,1001,0
484,1002,2
485,1003,0
486,1004,2
487,1008,0
488,1009,2
489,1010,3
490,1012,0
491,1013,2
492,1014,0
493,1015,2
494,1016,0
495,1019,2
496,1020,0
497,1021,2
498,1022,3
499,1024,2
500,1025,1
501,1027,2
502,1028,3
503,1029,2
504,1030,2
505,1033,0
506,1036,2
507,1037,0
508,1038,2
509,1042,2
510,1043,0
511,1044,2
512,1045,0
513,1047,0
514,1050,2
515,1051,0
516,1054,2
517,1056,2
518,1057,2
519,1059,2
520,1062,2
521,1063,0
522,1064,2
523,1066,2
524,1070,3
525,1076,0
526,1077,2
527,1078,0
528,1080,0
529,1082,0
530,1083,2
531,1089,0
532,1091,2
533,1093,2
534,1097,2
535,1099,2
536,1101,2
537,1103,2
538,1104,0
539,1106,0
540,1109,2
541,1110,0
542,1111,2
543,1112,0
544,1114,2
545,1116,2
546,1117,0
547,1120,2
548,1124,0
549,1125,2
550,1126,0
551,1134,0
552,1137,2
553,1138,0
554,1144,0
555,1145,2
556,1146,2
557,1148,2
558,1150,2
559,1152,3
560,1153,2
561,1154,3
562,1155,2
563,1157,2
564,1162,2
565,1165,0
566,1166,2
567,1167,3
568,1168,2
569,1169,3
570,1171,0
571,1172,2
572,1173,3
573,1174,2
574,1176,2
575,1177,3
576,1178,2
577,1182,0
578,1186,2
579,1187,0
580,1188,2
581,1189,0
582,1191,3
583,1192,2
584,1197,0
585,1198,2
586,1200,1
587,1201,2
588,1203,2
589,1209,0
590,1214,3
591,1218,0
592,1222,2
593,1226,2
594,1228,2
595,1230,2
596,1232,1
597,1233,2
598,1236,0
599,1238,2
600,1241,0
601,1244,0
602,1246,2
603,1247,0
604,1250,0
605,1251,2
606,1254,0
607,1255,2
608,1256,0
609,1257,2
610,1258,2
611,1259,0
612,1260,2
613,1263,0
614,1267,1
615,1268,0
616,1271,2
617,1272,0
618,1274,3
619,1275,2
620,1276,0
621,1277,2
622,1279,2
623,1281,2
624,1282,2
625,1283,0
626,1285,0
627,1286,2
628,1289,0
629,1296,0
630,1299,2
631,1301,2
632,1306,2
633,1307,2
634,1308,2
635,1313,0
636,1314,2
637,1315,0
638,1316,2
639,1317,0
640,1319,2
641,1323,2
642,1324,0
643,1325,2
644,1328,3
645,1329,2
646,1330,0
647,1331,2
648,1332,3
649,1337,2
650,1338,0
651,1339,2
652,1340,0
653,1343,0
654,1347,3
655,1348,2
656,1349,3
657,1352,2
658,1354,2
659,1359,0
660,1360,2
661,1363,0
662,1364,2
663,1365,3
664,1366,2
665,1372,2
666,1375,3
667,1376,2
668,1378,2
669,1379,0
670,1380,2
671,1381,3
672,1384,0
673,1387,2
674,1388,0
675,1392,1
676,1394,0
677,1395,2
678,1396,0
679,1398,2
680,1399,0
681,1400,2
682,1401,2
683,1403,2
684,1404,0
685,1406,0
686,1407,2
687,1408,0
688,1410,1
689,1412,0
690,1413,2
691,1415,2
692,1420,0
693,1422,0
694,1423,0
695,1424,0
696,1425,2
697,1426,1
698,1427,2
699,1429,2
700,1430,0
701,1431,2
702,1432,3
703,1434,0
704,1437,2
705,1438,0
706,1440,0
707,1441,0
708,1442,2
709,1444,0
710,1445,2
711,1446,3
712,1448,2
713,1453,2
714,1454,0
715,1455,2
716,1456,0
717,1458,0
718,1459,2
719,1461,2
720,1465,2
721,1466,0
722,1469,2
723,1472,2
724,1474,2
725,1477,0
726,1479,0
727,1482,2
728,1483,1
729,1487,2
730,1488,0
731,1490,0
732,1492,0
733,1494,0
734,1496,3
735,1497,2
736,1499,2
737,1502,2
738,1507,0
739,1508,2
740,1509,0
741,1511,2
742,1512,0
743,1513,0
744,1514,0
745,1518,0
746,1519,2
747,1522,0
748,1524,1
749,1527,2
750,1529,2
751,1532,3
752,1536,0
753,1537,0
754,1539,3
755,1542,0
756,1543,2
757,1544,3
758,1545,2
759,1550,2
760,1551,0
761,1554,0
762,1556,3
763,1559,2
764,1560,2
765,1562,2
766,1566,2
767,1567,0
768,1569,3
769,1570,0
770,1571,0
771,1574,2
772,1578,3
773,1580,2
774,1583,0
775,1584,2
776,1585,0
777,1586,2
778,1587,0
779,1588,2
780,1590,0
781,1592,3
782,1596,0
783,1598,0
784,1599,2
785,1604,0
786,1606,3
787,1607,2
788,1608,3
789,1609,0
790,1611,2
791,1613,2
792,1616,2
793,1619,0
794,1620,2
795,1621,0
796,1622,2
797,1625,0
798,1627,0
799,1629,0
800,1634,2
801,1636,2
802,1638,3
803,1639,2
804,1641,2
805,1643,2
806,1644,3
807,1645,0
808,1646,2
809,1647,0
810,1648,2
811,1652,2
812,1653,0
813,1656,2
814,1658,2
815,1659,0
816,1661,2
817,1663,2
818,1664,0
819,1665,2
820,1666,3
821,1667,3
822,1668,1
823,1669,3
824,1670,2
825,1672,0
826,1674,0
827,1677,0
828,1678,2
829,1679,0
830,1680,2
831,1683,3
832,1686,3
833,1687,0
834,1689,0
835,1690,2
836,1691,0
837,1692,0
838,1693,2
839,1695,2
840,1696,2
841,1697,0
842,1700,3
843,1701,2
844,1702,0
845,1703,2
846,1704,0
847,1706,2
848,1707,0
849,1708,2
850,1710,2
851,1711,3
852,1713,3
853,1717,3
854,1719,3
855,1720,2
856,1722,2
857,1725,3
858,1726,2
859,1727,3
860,1729,0
861,1730,2
862,1731,0
863,1733,3
864,1734,2
865,1735,0
866,1738,2
867,1742,2
868,1745,0
869,1747,2
870,1749,2
871,1751,2
872,1752,1
873,1753,3
874,1754,2
875,1755,2
876,1756,0
877,1758,0
878,1759,2
879,1760,3
880,1761,0
881,1762,2
882,1763,0
883,1764,2
884,1766,2
885,1768,2
886,1769,1
887,1771,0
888,1772,2
889,1773,3
890,1774,2
891,1775,0
892,1777,0
893,1779,2
894,1780,0
895,1787,2
896,1788,2
897,1790,2
898,1796,0
899,1801,2
900,1803,2
901,1807,0
902,1809,0
903,1812,2
904,1813,0
905,1814,2
906,1815,0
907,1816,2
908,1818,2
909,1820,2
910,1821,0
911,1822,2
912,1825,2
913,1826,3
914,1828,2
915,1831,3
916,1836,0
917,1837,2
918,1841,2
919,1844,3
920,1848,2
921,1851,3
922,1852,2
923,1853,2
924,1854,0
925,1856,2
926,1859,0
927,1860,2
928,1861,2
929,1863,3
930,1865,2
931,1866,3
932,1867,2
933,1868,2
934,1872,2
935,1879,2
936,1880,3
937,1882,2
938,1885,3
939,1887,3
940,1888,2
941,1890,0
942,1894,2
943,1895,3
944,1896,2
945,1897,0
946,1900,0
947,1901,2
948,1902,0
949,1905,2
950,1906,0
951,1912,3
952,1915,2
953,1916,3
954,1917,2
955,1918,3
956,1920,1
957,1923,2
958,1924,3
959,1925,2
960,1930,0
961,1932,0
962,1933,2
963,1934,0
964,1935,2
965,1940,1
966,1941,2
967,1942,0
968,1943,2
969,1944,2
970,1945,0
971,1948,0
972,1949,2
973,1952,2
974,1954,2
975,1955,0
976,1958,2
977,1959,1
978,1960,0
979,1963,2
980,1965,2
981,1968,3
982,1969,2
983,1971,2
984,1972,0
985,1973,2
986,1975,2
987,1977,2
988,1978,2
989,1979,0
990,1981,2
991,1982,0
992,1987,0
993,1988,2
994,1993,2
995,1997,2
996,1999,2
997,2001,2
998,2002,0
999,2003,2
1000,2004,1
1001,2006,0
1002,2007,2
1003,2009,3
1004,2010,2
1005,2013,2
1006,2018,1
1007,2022,3
1008,2024,0
1009,2025,2
1010,2026,3
1011,2030,0
1012,2031,2
1013,2032,3
1014,2033,2
1015,2035,2
1016,2036,0
1017,2037,2
1018,2040,2
1019,2043,0
1020,2044,0
1021,2046,0
1022,2054,0
1023,2055,2
1024,2056,0
1025,2059,2
1026,2060,2
1027,2062,2
1028,2063,0
1029,2066,2
1030,2067,0
1031,2072,2
1032,2073,0
1033,2074,2
1034,2075,0
1035,2076,2
1036,2080,2
1037,2082,2
1038,2085,0
1039,2087,0
1040,2091,0
1041,2092,2
1042,2093,0
1043,2098,2
1044,2101,0
1045,2102,2
1046,2103,1
1047,2105,3
1048,2106,2
1049,2107,0
1050,2110,2
1051,2114,2
1052,2115,0
1053,2117,1
1054,2118,2
1055,2119,3
1056,2120,2
1057,2122,2
1058,2123,0
1059,2126,2
1060,2127,3
1061,2128,2
1062,2129,0
1063,2132,2
1064,2135,3
1065,2138,2
1066,2139,0
1067,2141,0
1068,2142,2
1069,2146,2
1070,2151,0
1071,2157,0
1072,2159,0
1073,2162,2
1074,2164,0
1075,2167,2
1076,2168,0
1077,2171,2
1078,2173,2
1079,2174,0
1080,2175,2
1081,2178,2
1082,2180,2
1083,2185,0
1084,2189,2
1085,2190,0
1086,2192,3
1087,2194,0
1088,2200,0
1089,2201,2
1090,2203,0
1091,2204,2
1092,2205,0
1093,2209,0
1094,2213,3
1095,2214,2
1096,2215,0
1097,2216,2
1098,2218,2
1099,2219,3
1100,2220,2
1101,2222,2
1102,2223,0
1103,2225,0
1104,2226,2
1105,2230,2
1106,2233,0
1107,2234,0
1108,2235,2
1109,2236,1
1110,2237,2
1111,2240,0
1112,2241,2
1113,2248,3
1114,2249,2
1115,2250,0
1116,2252,0
1117,2253,2
1118,2254,0
1119,2256,1
1120,2258,2
1121,2259,0
1122,2262,2
1123,2265,2
1124,2266,3
1125,2269,2
1126,2271,2
1127,2273,2
1128,2274,0
1129,2275,2
1130,2277,2
1131,2279,2
1132,2280,1
1133,2282,2
1134,2283,3
1135,2288,2
1136,2289,0
1137,2291,2
1138,2292,0
1139,2297,2
1140,2298,3
1141,2299,2
1142,2300,0
1143,2301,2
1144,2304,2
1145,2305,3
1146,2306,2
1147,2308,2
1148,2309,0
1149,2311,2
1150,2312,3
1151,2316,3
1152,2321,3
1153,2322,0
1154,2325,3
1155,2326,2
1156,2329,0
1157,2330,2
1158,2331,3
1159,2332,0
1160,2333,2
1161,2334,3
1162,2335,0
1163,2337,0
1164,2338,2
1165,2340,0
1166,2342,2
1167,2345,2
1168,2349,2
1169,2351,1
1170,2352,2
1171,2354,0
1172,2355,0
1173,2357,0
1174,2358,2
1175,2360,2
1176,2361,0
1177,2364,2
1178,2366,2
1179,2369,0
1180,2370,2
1181,2371,0
1182,2373,0
1183,2374,2
1184,2376,0
1185,2378,0
1186,2382,2
1187,2383,2
1188,2386,3
1189,2387,2
1190,2389,2
1191,2390,0
1192,2392,2
1193,2398,0
1194,2399,2
1195,2400,2
1196,2401,0
1197,2402,2
1198,2404,2
1199,2407,0
1200,2408,0
1201,2409,0
1202,2412,1
1203,2413,2
1204,2415,2
1205,2420,0
1206,2422,2
1207,2423,3
1208,2426,2
1209,2432,2
1210,2434,2
1211,2435,2
1212,2436,0
1213,2438,0
1214,2440,0
1215,2443,2
1216,2444,2
1217,2447,3
1218,2450,2
1219,2454,2
1220,2455,0
1221,2459,2
1222,2460,0
1223,2463,2
1224,2465,2
1225,2468,1
1226,2469,2
1227,2474,2
1228,2478,2
1229,2480,2
1230,2481,0
1231,2489,2
1232,2490,0
1233,2492,2
1234,2496,2
1235,2497,0
1236,2500,2
1237,2505,2
1238,2507,2
1239,2508,0
1240,2509,2
1241,2510,2
1242,2513,2
1243,2515,2
1244,2518,2
1245,2519,0
1246,2520,2
1247,2521,0
1248,2523,0
1249,2525,2
1250,2529,0
1251,2530,2
1252,2533,0
1253,2535,2
1254,2538,3
1255,2544,0
1256,2553,0
1257,2556,2
1258,2558,2
1259,2559,0
1260,2560,2
1261,2561,0
1262,2562,2
1263,2563,0
1264,2564,2
1265,2565,0
1266,2567,0
1267,2572,2
1268,2575,2
1269,2576,0
1270,2577,2
1271,2578,2
1272,2579,0
1273,2580,2
1274,2582,0
1275,2583,2
1276,2587,2
1277,2589,0
1278,2590,2
1279,2591,0
1280,2594,2
1281,2597,2
1282,2598,3
1283,2599,2
1284,2600,3
1285,2602,0
1286,2603,2
1287,2604,3
1288,2606,0
1289,2607,1
1290,2608,2
1291,2613,0
1292,2614,2
1293,2615,0
1294,2617,0
1295,2620,2
1296,2623,0
1297,2624,2
1298,2627,0
1299,2629,1
1300,2630,2
1301,2632,2
1302,2636,2
1303,2639,2
1304,2640,3
1305,2642,0
1306,2644,3
1307,2646,0
1308,2647,2
1309,2649,2
1310,2650,3
1311,2652,3
1312,2653,3
1313,2655,0
1314,2657,0
1315,2659,0
1316,2662,2
1317,2663,0
1318,2664,2
1319,2665,3
1320,2670,2
1321,2671,3
1322,2672,2
1323,2675,3
1324,2677,0
1325,2679,0
1326,2683,0
1327,2684,2
1328,2685,2
1329,2688,3
1330,2689,2
1331,2690,3
1332,2693,2
1333,2694,0
1334,2697,2
1335,2699,2
1336,2703,2
1337,2705,3
1338,2709,1
1339,2710,2
1340,2711,0
1341,2712,2
1342,2713,2
1343,2714,0
1344,2715,2
1345,2717,2
1346,2718,0
1347,2720,0
1348,2721,2
1349,2726,2
1350,2728,2
1351,2731,3
1352,2732,0
1353,2734,2
1354,2736,3
1355,2737,2
1356,2738,3
1357,2739,0
1358,2746,2
1359,2749,3
1360,2751,0
1361,2752,3
1362,2753,2
1363,2757,3
1364,2758,2
1365,2759,0
1366,2760,2
1367,2762,0
1368,2764,2
1369,2765,0
1370,2769,0
1371,2771,0
1372,2774,2
1373,2776,2
1374,2777,0
1375,2778,2
1376,2779,0
1377,2782,2
1378,2784,2
1379,2787,2
1380,2789,2
1381,2792,2
1382,2798,2
1383,2799,0
1384,2800,2
1385,2801,1
1386,2802,2
1387,2804,2
1388,2807,3
1389,2808,2
1390,2809,0
1391,2811,0
1392,2812,2
1393,2814,2
1394,2816,2
1395,2817,0
1396,2818,0
1397,2820,0
1398,2821,1
1399,2822,2
1400,2823,3
1401,2824,2
1402,2826,2
1403,2829,2
1404,2834,2
1405,2835,1
1406,2838,2
1407,2839,0
1408,2840,2
1409,2841,0
1410,2842,2
1411,2846,0
1412,2848,2
1413,2849,2
1414,2850,0
1415,2851,2
1416,2853,2
1417,2854,0
1418,2858,0
1419,2861,2
1420,2864,2
1421,2865,0
1422,2866,0
1423,2867,2
1424,2868,0
1425,2870,0
1426,2877,2
1427,2878,0
1428,2880,0
1429,2882,1
1430,2883,2
1431,2884,3
1432,2885,2
1433,2887,2
1434,2888,0
1435,2889,2
1436,2890,3
1437,2891,2
1438,2892,0
1439,2893,2
1440,2898,0
1441,2899,2
1442,2900,0
1443,2901,2
1444,2909,2
1445,2910,0
1446,2911,0
1447,2913,0
1448,2914,2
1449,2918,2
1450,2919,0
1451,2920,2
1452,2921,0
1453,2922,2
1454,2923,3
1455,2925,0
1456,2926,2
1457,2927,0
1458,2929,0
1459,2933,2
1460,2934,0
1461,2936,0
1462,2941,3
1463,2942,2
1464,2943,0
1465,2945,3
1466,2950,2
1467,2951,0
1468,2953,0
1469,2954,2
1470,2955,3
1471,2956,2
1472,2960,2
1473,2962,2
1474,2963,0
1475,2964,3
1476,2966,1
1477,2967,2
1478,2968,0
1479,2969,2
1480,2971,2
1481,2972,2
1482,2974,2
1483,2975,0
1484,2977,0
1485,2980,0
1486,2981,2
1487,2983,2
1488,2984,3
1489,2985,0
1490,2986,0
1491,2987,2
1492,2989,2
1493,2990,0
1494,2991,2
1495,2992,1
1496,2995,2
1497,2996,3
1498,3002,0
1499,3004,0
1500,3005,0
1501,3006,2
1502,3010,2
1503,3011,3
1504,3014,2
1505,3015,2
1506,3016,2
1507,3017,0
1508,3018,2
1509,3021,3
1510,3024,3
1511,3028,2
1512,3030,2
1513,3032,2
1514,3039,2
1515,3040,3
1516,3041,2
1517,3043,2
1518,3044,0
1519,3046,0
1520,3055,2
1521,3056,0
1522,3058,2
1523,3059,0
1524,3061,0
1525,3063,3
1526,3066,2
1527,3067,3
1528,3068,1
1529,3069,2
1530,3072,0
1531,3073,0
1532,3074,2
1533,3077,2
1534,3082,2
1535,3084,2
1536,3085,0
1537,3088,3
1538,3091,2
1539,3092,0
1540,3093,2
1541,3094,3
1542,3096,0
1543,3097,2
1544,3098,1
1545,3102,0
1546,3106,2
1547,3109,2
1548,3111,2
1549,3112,0
1550,3113,2
1551,3115,2
1552,3116,0
1553,3117,2
1554,3121,0
1555,3122,2
1556,3123,2
1557,3124,0
1558,3125,2
1559,3126,3
1560,3127,0
1561,3129,2
1562,3130,0
1563,3132,3
1564,3134,0
1565,3135,2
1566,3137,1
1567,3138,2
1568,3140,2
1569,3144,0
1570,3145,2
1571,3146,0
1572,3147,2
1573,3148,3
1574,3149,3
1575,3150,0
1576,3151,2
1577,3152,2
1578,3155,2
1579,3156,0
1580,3159,2
1581,3161,2
1582,3162,3
1583,3163,2
1584,3165,3
1585,3172,2
1586,3173,0
1587,3176,2
1588,3177,3
1589,3179,0
1590,3183,2
1591,3186,2
1592,3187,3
1593,3189,0
1594,3190,2
1595,3192,0
1596,3193,2
1597,3194,0
1598,3197,2
1599,3198,2
1600,3200,2
1601,3201,0
1602,3202,2
1603,3204,2
1604,3205,2
1605,3206,0
1606,3208,3
1607,3210,3
1608,3211,2
1609,3212,0
1610,3213,2
1611,3214,0
1612,3216,3
1613,3219,2
1614,3220,0
1615,3221,2
1616,3226,0
1617,3227,2
1618,3228,0
1619,3229,2
1620,3232,1
1621,3233,2
1622,3234,2
1623,3236,2
1624,3238,0
1625,3239,0
1626,3240,2
1627,3247,0
1628,3249,3
1629,3252,0
1630,3253,2
1631,3254,3
1632,3255,2
1633,3256,0
1634,3257,2
1635,3262,2
1636,3263,3
1637,3264,2
1638,3266,0
1639,3267,2
1640,3269,2
1641,3272,0
1642,3274,2
1643,3275,0
1644,3277,2
1645,3279,2
1646,3280,3
1647,3283,2
1648,3285,2
1649,3287,2
1650,3288,3
1651,3290,3
1652,3291,2
1653,3298,0
1654,3299,2
1655,3302,0
1656,3303,2
1657,3304,0
1658,3307,2
1659,3309,2
1660,3314,1
1661,3316,0
1662,3317,2
1663,3319,2
1664,3320,0
1665,3321,2
1666,3322,0
1667,3324,2
1668,3326,2
1669,3329,0
1670,3330,2
1671,3331,0
1672,3335,0
1673,3337,2
1674,3338,3
1675,3339,2
1676,3340,0
1677,3341,2
1678,3343,2
1679,3346,2
1680,3348,2
1681,3351,3
1682,3352,0
1683,3355,2
1684,3356,0
1685,3358,0
1686,3359,2
1687,3360,0
1688,3371,0
1689,3372,2
1690,3374,2
1691,3377,0
1692,3378,2
1693,3380,3
1694,3382,2
1695,3386,2
1696,3389,0
1697,3391,3
1698,3393,2
1699,3394,3
1700,3395,2
1701,3397,0
1702,3398,2
1703,3399,1
1704,3400,2
1705,3404,3
1706,3407,0
1707,3409,0
1708,3419,2
1709,3421,2
1710,3425,2
1711,3427,1
1712,3428,0
1713,3429,0
1714,3431,2
1715,3435,2
1716,3436,0
1717,3439,2
1718,3441,2
1719,3442,0
1720,3443,2
1721,3444,3
1722,3445,2
1723,3446,0
1724,3449,2
1725,3453,2
1726,3457,2
1727,3460,3
1728,3461,2
1729,3462,2
1730,3464,3
1731,3465,1
1732,3466,2
1733,3467,3
1734,3468,2
1735,3469,0
1736,3470,3
1737,3472,0
1738,3473,2
1739,3475,2
1740,3476,0
1741,3478,3
1742,3479,2
1743,3483,2
1744,3484,3
1745,3485,2
1746,3487,2
1747,3488,0
1748,3496,0
1749,3497,2
1750,3499,2
1751,3500,1
1752,3501,2
1753,3504,2
1754,3508,0
1755,3511,2
1756,3512,0
1757,3515,2
1758,3517,2
1759,3518,3
1760,3526,0
1761,3528,0
1762,3529,2
1763,3530,0
1764,3531,2
1765,3532,0
1766,3533,2
1767,3534,2
1768,3535,1
1769,3536,2
1770,3537,0
1771,3538,2
1772,3539,0
1773,3540,0
1774,3545,0
1775,3546,2
1776,3550,0
1777,3551,2
1778,3553,2
1779,3554,3
1780,3557,2
1781,3558,0
1782,3559,2
1783,3561,2
1784,3562,0
1785,3563,2
1786,3564,3
1787,3565,2
1788,3567,2
1789,3571,3
1790,3572,2
1791,3574,2
1792,3576,2
1793,3577,0
1794,3578,2
1795,3579,2
1796,3583,2
1797,3585,2
1798,3586,3
1799,3587,0
1800,3593,2
1801,3594,0
1802,3595,2
1803,3599,2
1804,3600,3
1805,3601,0
1806,3602,2
1807,3604,2
1808,3609,0
1809,3610,0
1810,3612,0
1811,3614,0
1812,3615,2
1813,3617,2
1814,3618,0
1815,3619,0
1816,3620,0
1817,3621,2
1818,3625,2
1819,3626,3
1820,3630,3
1821,3631,2
1822,3632,0
1823,3633,2
1824,3634,0
1825,3637,2
1826,3639,2
1827,3640,0
1828,3641,2
1829,3644,0
1830,3645,2
1831,3646,2
1832,3647,2
1833,3648,0
1834,3653,0
1835,3654,2
1836,3655,0
1837,3659,3
1838,3660,2
1839,3662,0
1840,3666,2
1841,3668,2
1842,3671,2
1843,3673,2
1844,3674,0
1845,3675,2
1846,3681,2
1847,3682,0
1848,3686,0
1849,3687,2
1850,3692,1
1851,3695,0
1852,3696,2
1853,3699,0
1854,3705,0
1855,3707,1
1856,3708,2
1857,3709,0
1858,3710,2
1859,3712,2
1860,3715,0
1861,3716,2
1862,3720,0
1863,3722,1
1864,3726,2
1865,3728,2
1866,3729,0
1867,3731,3
1868,3735,0
1869,3736,2
1870,3739,3
1871,3741,0
1872,3743,3
1873,3744,2
1874,3745,0
1875,3746,2
1876,3751,2
1877,3753,2
1878,3760,0
1879,3761,2
1880,3762,0
1881,3763,2
1882,3765,2
1883,3768,0
1884,3769,2
1885,3770,3
1886,3773,0
1887,3774,2
1888,3776,2
1889,3778,2
1890,3779,0
1891,3780,2
1892,3781,0
1893,3782,2
1894,3783,0
1895,3784,2
1896,3786,2
1897,3789,0
1898,3790,2
1899,3793,0
1900,3795,0
1901,3797,2
1902,3798,0
1903,3800,0
1904,3804,2
1905,3810,2
1906,3815,0
1907,3816,2
1908,3818,3
1909,3824,0
1910,3828,0
1911,3830,0
1912,3831,2
1913,3832,1
1914,3834,0
1915,3835,2
1916,3836,0
1917,3838,2
1918,3839,0
1919,3840,0
1920,3845,2
1921,3846,0
1922,3847,2
1923,3849,1
1924,3853,0
1925,3855,0
1926,3856,2
1927,3864,1
1928,3865,2
1929,3866,0
1930,3867,2
1931,3868,0
1932,3869,2
1933,3871,2
1934,3875,3
1935,3876,2
1936,3878,2
1937,3879,0
1938,3881,0
1939,3883,0
1940,3884,2
1941,3886,0
1942,3890,2
1943,3893,0
1944,3897,3
1945,3901,2
1946,3902,0
1947,3913,0
1948,3914,2
1949,3916,2
1950,3917,0
1951,3924,3
1952,3925,2
1953,3928,2
1954,3929,0
1955,3932,2
1956,3933,3
1957,3934,1
1958,3935,2
1959,3936,2
1960,3937,0
1961,3938,2
1962,3939,0
1963,3943,2
1964,3944,0
1965,3945,0
1966,3946,2
1967,3947,0
1968,3948,2
1969,3949,0
1970,3950,2
1971,3951,0
1972,3952,2
1973,3953,0
1974,3961,0
1975,3962,2
1976,3966,2
1977,3967,3
1978,3968,2
1979,3969,0
1980,3970,2
1981,3971,0
1982,3973,2
1983,3974,0
1984,3975,0
1985,3977,2
1986,3979,0
1987,3985,2
1988,3986,3
1989,3988,0
1990,3991,2
1991,3992,0
1992,3993,2
1993,3994,2
1994,3995,0
1995,4005,0
1996,4007,2
1997,4008,3
1998,4009,2
1999,4010,0
2000,4011,1
2001,4012,2
2002,4013,3
2003,4015,0
2004,4016,0
2005,4018,0
2006,4025,2
2007,4026,0
2008,4028,0
2009,4029,2
2010,4031,2
2011,4032,0
2012,4033,2
2013,4034,3
2014,4037,2
2015,4038,3
2016,4039,2
2017,4041,2
2018,4042,0
2019,4043,2
2020,4044,3
2021,4045,2
2022,4046,0
2023,4047,2
2024,4048,0
2025,4049,2
2026,4051,2
2027,4052,0
2028,4058,3
2029,4062,0
2030,4064,0
2031,4067,2
2032,4068,1
2033,4070,2
2034,4072,0
2035,4074,0
2036,4075,2
2037,4076,0
2038,4077,2
2039,4078,0
2040,4080,3
2041,4082,0
2042,4085,2
2043,4086,0
2044,4088,0
2045,4089,2
2046,4092,1
2047,4094,2
2048,4095,0
2049,4096,2
2050,4097,3
2051,4102,2
2052,4105,0
2053,4107,0
2054,4111,2
2055,4112,3
2056,4113,2
2057,4114,0
2058,4115,2
2059,4116,0
2060,4117,2
2061,4118,2
2062,4119,0
2063,4120,2
2064,4122,1
2065,4125,2
2066,4126,0
2067,4129,0
2068,4134,0
2069,4137,2
2070,4141,3
2071,4142,2
2072,4144,2
2073,4145,3
2074,4146,2
2075,4150,2
2076,4151,1
2077,4154,2
2078,4156,2
2079,4157,0
2080,4159,0
2081,4160,2
2082,4161,0
2083,4168,2
2084,4171,3
2085,4172,3
2086,4173,2
2087,4175,2
2088,4176,3
2089,4177,2
2090,4178,3
2091,4179,2
2092,4181,0
2093,4183,2
2094,4184,0
2095,4185,2
2096,4186,0
2097,4188,0
2098,4190,0
2099,4192,2
2100,4193,0
2101,4194,0
2102,4195,2
2103,4196,1
2104,4202,2
2105,4203,3
2106,4208,2
2107,4209,0
2108,4210,2
2109,4211,0
2110,4212,0
2111,4214,3
2112,4215,2
2113,4216,0
2114,4217,2
2115,4219,2
2116,4222,0
2117,4224,2
2118,4231,3
2119,4232,2
2120,4234,2
2121,4236,2
2122,4237,3
2123,4240,2
2124,4242,3
2125,4243,2
2126,4247,2
2127,4248,0
2128,4249,2
2129,4254,3
2130,4263,2
2131,4265,0
2132,4267,0
2133,4268,0
2134,4271,0
2135,4272,2
2136,4273,0
2137,4274,2
2138,4276,2
2139,4278,2
2140,4280,2
2141,4281,0
2142,4283,2
2143,4284,0
2144,4285,2
2145,4286,0
2146,4287,2
2147,4288,0
2148,4289,2
2149,4290,1
2150,4293,2
2151,4296,0
2152,4297,2
2153,4299,2
2154,4303,0
2155,4310,2
2156,4312,3
2157,4318,3
2158,4320,0
2159,4322,2
2160,4323,0
2161,4325,3
2162,4326,0
2163,4328,3
2164,4330,3
2165,4332,0
2166,4333,2
2167,4335,2
2168,4336,0
2169,4338,3
2170,4341,2
2171,4342,3
2172,4344,3
2173,4347,2
2174,4348,3
2175,4351,3
2176,4352,2
2177,4353,0
2178,4355,3
2179,4356,2
2180,4359,3
2181,4360,2
2182,4361,2
2183,4364,2
2184,4365,3
2185,4368,2
2186,4372,2
2187,4374,2
2188,4376,2
2189,4377,3
2190,4380,2
2191,4383,0
2192,4384,2
2193,4385,3
2194,4389,2
2195,4391,2
2196,4392,0
2197,4393,2
2198,4395,2
2199,4396,0
2200,4398,0
2201,4399,2
2202,4401,2
2203,4406,2
2204,4408,3
2205,4412,3
2206,4415,2
2207,4418,0
2208,4419,2
2209,4420,1
2210,4422,0
2211,4423,2
2212,4425,2
2213,4428,0
2214,4431,0
2215,4434,2
2216,4436,2
2217,4437,0
2218,4439,0
2219,4440,2
2220,4441,0
2221,4444,2
2222,4445,3
2223,4446,2
2224,4447,0
2225,4452,3
2226,4456,0
2227,4457,2
2228,4458,0
2229,4460,2
2230,4461,0
2231,4462,2
2232,4465,3
2233,4466,3
2234,4468,2
2235,4469,3
2236,4472,0
2237,4475,2
2238,4478,2
2239,4479,0
2240,4480,2
2241,4483,1
2242,4484,2
2243,4485,3
2244,4486,2
2245,4488,2
2246,4489,3
2247,4490,2
2248,4491,3
2249,4492,2
2250,4493,0
2251,4494,2
2252,4495,3
2253,4498,1
2254,4499,2
2255,4500,3
2256,4503,0
2257,4505,3
2258,4506,2
2259,4507,2
2260,4508,3
2261,4510,0
2262,4511,2
2263,4513,2
2264,4516,1
2265,4519,2
2266,4521,2
2267,4531,2
2268,4532,1
2269,4533,2
2270,4534,0
2271,4536,3
2272,4537,2
2273,4539,2
2274,4542,3
2275,4545,2
2276,4549,2
2277,4551,2
2278,4554,3
2279,4556,0
2280,4559,0
2281,4561,0
2282,4562,0
2283,4566,0
2284,4569,2
2285,4570,0
2286,4573,2
2287,4574,3
2288,4575,2
2289,4577,2
2290,4578,0
2291,4580,0
2292,4582,2
2293,4583,0
2294,4585,2
2295,4587,3
2296,4595,2
2297,4596,0
2298,4601,2
2299,4602,0
2300,4603,2
2301,4605,0
2302,4606,2
2303,4607,0
2304,4608,2
2305,4610,2
2306,4613,3
2307,4617,2
2308,4618,0
2309,4619,2
2310,4620,2
2311,4622,2
2312,4625,2
2313,4626,3
2314,4627,2
2315,4629,2
2316,4631,2
2317,4633,3
2318,4634,0
2319,4635,2
2320,4639,2
2321,4640,3
2322,4642,3
2323,4644,0
2324,4646,3
2325,4647,2
2326,4648,1
2327,4649,2
2328,4650,0
2329,4655,2
2330,4660,2
2331,4661,0
2332,4662,2
2333,4663,0
2334,4665,2
2335,4666,0
2336,4667,3
2337,4668,2
2338,4670,2
2339,4671,0
2340,4672,2
2341,4673,3
2342,4675,3
2343,4676,2
2344,4677,0
2345,4680,2
2346,4682,2
2347,4683,0
2348,4685,3
2349,4686,2
2350,4688,0
2351,4690,0
2352,4692,0
2353,4693,2
2354,4697,2
2355,4700,0
2356,4702,0
2357,4707,0
2358,4708,2
2359,4710,1
2360,4716,2
2361,4717,2
2362,4718,2
2363,4720,2
2364,4721,1
2365,4723,2
2366,4726,0
2367,4727,2
2368,4729,2
2369,4731,2
2370,4732,0
2371,4735,2
2372,4736,3
2373,4737,2
2374,4738,0
2375,4739,0
2376,4744,3
2377,4747,2
2378,4749,0
2379,4750,2
2380,4752,0
2381,4755,2
2382,4756,3
2383,4757,0
2384,4758,2
2385,4759,3
2386,4763,2
2387,4764,3
2388,4765,2
2389,4766,2
2390,4767,0
2391,4769,0
2392,4770,2
2393,4771,1
2394,4772,3
2395,4774,0
2396,4776,0
2397,4777,0
2398,4778,2
2399,4780,2
2400,4784,2
2401,4786,2
2402,4787,1
2403,4788,2
2404,4789,0
2405,4791,0
2406,4792,2
2407,4795,0
2408,4796,2
2409,4803,2
2410,4805,2
2411,4807,2
2412,4809,2
2413,4816,2
2414,4817,1
2415,4818,2
2416,4820,2
2417,4821,3
2418,4823,0
2419,4824,2
2420,4825,0
2421,4829,3
2422,4830,2
2423,4831,0
2424,4833,3
2425,4836,2
2426,4837,0
2427,4838,2
2428,4840,2
2429,4841,1
2430,4842,2
2431,4843,0
2432,4844,2
2433,4849,3
2434,4851,3
2435,4852,2
2436,4858,2
2437,4860,2
2438,4863,0
2439,4864,2
2440,4865,0
2441,4867,0
2442,4868,2
2443,4869,0
2444,4873,2
2445,4875,2
2446,4876,0
2447,4877,2
2448,4878,0
2449,4880,1
2450,4886,0
2451,4888,3
2452,4889,2
2453,4890,0
2454,4893,2
2455,4895,2
2456,4896,0
2457,4899,2
2458,4901,2
2459,4902,0
2460,4903,2
2461,4904,0
2462,4910,2
2463,4912,2
2464,4915,2
2465,4916,3
2466,4917,2
2467,4920,3
2468,4927,3
2469,4928,2
2470,4931,3
2471,4934,2
2472,4936,2
2473,4939,0
2474,4942,0
2475,4943,2
2476,4944,3
2477,4945,2
2478,4947,0
2479,4948,2
2480,4951,2
2481,4952,0
2482,4953,2
2483,4956,2
2484,4957,0
2485,4958,2
2486,4960,2
2487,4968,2
2488,4969,3
2489,4971,3
2490,4973,0
2491,4975,0
2492,4976,2
2493,4978,2
2494,4979,0
2495,4982,2
2496,4983,0
2497,4984,2
2498,4985,0
2499,4986,2
2500,4987,0
2501,4988,2
2502,4994,2
2503,4995,2
2504,5002,1
2505,5004,2
2506,5005,3
2507,5006,2
2508,5007,3
2509,5009,0
2510,5011,0
2511,5014,2
2512,5015,0
2513,5018,2
2514,5019,0
2515,5020,2
2516,5021,0
2517,5022,2
2518,5023,2
2519,5025,2
2520,5032,2
2521,5034,2
2522,5036,2
2523,5038,2
2524,5039,0
2525,5046,2
2526,5049,0
2527,5051,2
2528,5052,2
2529,5053,0
2530,5054,2
2531,5055,2
2532,5057,2
2533,5059,2
2534,5062,2
2535,5063,0
2536,5065,0
2537,5069,2
2538,5071,2
2539,5074,0
2540,5075,2
2541,5076,0
2542,5077,1
2543,5079,3
2544,5080,2
2545,5081,0
2546,5083,3
2547,5088,3
2548,5089,2
2549,5093,0
2550,5094,3
2551,5095,2
2552,5099,0
2553,5101,0
2554,5103,3
2555,5104,2
2556,5105,0
2557,5107,2
2558,5108,0
2559,5109,2
2560,5111,2
2561,5112,0
2562,5113,2
2563,5114,0
2564,5115,2
2565,5118,2
2566,5122,2
2567,5123,1
2568,5125,2
2569,5127,3
2570,5128,2
2571,5129,0
2572,5132,2
2573,5134,0
2574,5135,2
2575,5137,0
2576,5142,2
2577,5143,3
2578,5144,2
2579,5148,2
2580,5149,2
2581,5150,3
2582,5154,1
2583,5155,2
2584,5159,2
2585,5164,2
2586,5165,0
2587,5166,2
2588,5167,0
2589,5169,2
2590,5171,2
2591,5172,0
2592,5176,2
2593,5184,0
2594,5185,2
2595,5186,0
2596,5188,3
2597,5189,0
2598,5190,2
2599,5191,0
2600,5193,0
2601,5196,2
2602,5199,1
2603,5200,3
2604,5203,2
2605,5204,0
2606,5205,2
2607,5207,2
2608,5208,3
2609,5212,2
2610,5214,2
2611,5218,2
2612,5220,2
2613,5222,2
2614,5224,2
2615,5225,3
2616,5227,0
2617,5229,3
2618,5232,2
2619,5233,0
2620,5234,3
2621,5237,0
2622,5239,0
2623,5240,2
2624,5241,0
2625,5244,2
2626,5248,0
2627,5251,2
2628,5253,2
2629,5255,2
2630,5256,3
2631,5257,2
2632,5259,2
2633,5260,0
2634,5266,2
2635,5268,2
2636,5275,0
2637,5276,0
2638,5277,2
2639,5279,2
2640,5280,3
2641,5281,2
2642,5283,2
2643,5284,1
2644,5285,2
2645,5286,3
2646,5287,2
2647,5289,2
2648,5290,0
2649,5292,3
2650,5293,2
2651,5294,3
2652,5297,2
2653,5299,3
2654,5302,2
2655,5305,1
2656,5306,2
2657,5308,2
2658,5309,2
2659,5310,0
2660,5312,0
2661,5316,0
2662,5317,2
2663,5319,1
2664,5320,2
2665,5323,2
2666,5329,0
2667,5331,0
2668,5334,0
2669,5336,0
2670,5338,3
2671,5341,2
2672,5345,2
2673,5348,2
2674,5349,0
2675,5355,3
2676,5356,2
2677,5360,3
2678,5362,0
2679,5364,0
2680,5366,3
2681,5367,2
2682,5368,2
2683,5370,2
2684,5371,1
2685,5373,3
2686,5375,0
2687,5376,2
2688,5378,0
2689,5379,2
2690,5383,2
2691,5384,3
2692,5389,0
2693,5391,1
2694,5393,0
2695,5395,0
2696,5397,0
2697,5398,2
2698,5399,0
2699,5401,0
2700,5402,2
2701,5403,0
2702,5404,2
2703,5407,1
2704,5408,2
2705,5413,0
2706,5414,2
2707,5417,2
2708,5418,3
2709,5420,0
2710,5421,2
2711,5424,2
2712,5425,0
2713,5426,2
2714,5429,0
2715,5431,2
2716,5437,3
2717,5440,2
2718,5444,3
2719,5446,3
2720,5447,2
2721,5451,2
2722,5452,2
2723,5455,3
2724,5456,2
2725,5458,2
2726,5459,0
2727,5460,2
2728,5462,2
2729,5463,0
2730,5464,2
2731,5465,0
2732,5466,2
2733,5467,3
2734,5468,2
2735,5469,0
2736,5472,2
2737,5474,2
2738,5475,0
2739,5476,2
2740,5479,3
2741,5480,0
2742,5482,0
2743,5485,2
2744,5486,0
2745,5488,1
2746,5495,3
2747,5496,2
2748,5497,0
2749,5499,0
2750,5503,2
2751,5504,2
2752,5507,2
2753,5509,2
2754,5511,2
2755,5512,0
2756,5516,0
2757,5517,2
2758,5518,3
2759,5521,2
2760,5522,3
2761,5527,2
2762,5528,2
2763,5529,0
2764,5532,2
2765,5533,0
2766,5535,0
2767,5536,2
2768,5540,2
2769,5547,2
2770,5548,0
2771,5550,1
2772,5551,2
2773,5554,0
2774,5555,2
2775,5559,0
2776,5560,2
2777,5561,0
2778,5562,2
2779,5563,0
2780,5565,1
2781,5566,2
2782,5567,3
2783,5568,2
2784,5572,2
2785,5574,2
2786,5576,2
2787,5579,0
2788,5580,1
2789,5581,2
2790,5583,2
2791,5584,0
2792,5586,0
2793,5587,2
2794,5589,3
2795,5591,3
2796,5592,2
2797,5593,0
2798,5594,2
2799,5595,1
2800,5596,0
2801,5597,0
2802,5598,0
2803,5599,2
2804,5602,0
2805,5603,2
2806,5605,2
2807,5607,2
2808,5608,0
2809,5609,2
2810,5610,2
2811,5612,2
2812,5613,0
2813,5614,2
2814,5616,2
2815,5621,2
2816,5623,2
2817,5628,0
2818,5629,2
2819,5631,2
2820,5633,2
2821,5638,3
2822,5639,2
2823,5640,3
2824,5645,2
2825,5646,1
2826,5649,2
2827,5653,0
2828,5655,0
2829,5656,2
2830,5658,2
2831,5662,0
2832,5663,2
2833,5667,2
2834,5670,2
2835,5671,3
2836,5672,2
2837,5673,3
2838,5674,2
2839,5675,3
2840,5676,2
2841,5679,0
2842,5683,0
2843,5687,2
2844,5688,1
2845,5690,2
2846,5691,0
2847,5692,2
2848,5693,0
2849,5694,2
2850,5697,0
2851,5698,2
2852,5699,0
2853,5704,2
2854,5707,0
2855,5709,3
2856,5710,2
2857,5714,2
2858,5718,2
2859,5721,2
2860,5723,2
2861,5724,0
2862,5725,2
2863,5726,0
2864,5729,2
2865,5730,3
2866,5731,2
2867,5733,1
2868,5736,2
2869,5741,3
2870,5745,0
2871,5747,2
2872,5748,3
2873,5750,0
2874,5751,2
2875,5752,2
2876,5754,2
2877,5755,2
2878,5757,2
2879,5758,0
2880,5760,3
2881,5762,3
2882,5766,0
2883,5768,2
2884,5769,0
2885,5770,2
2886,5771,0
2887,5772,2
2888,5773,0
2889,5774,2
2890,5776,2
2891,5777,0
2892,5778,2
2893,5780,0
2894,5782,2
2895,5783,1
2896,5784,2
2897,5786,2
2898,5788,2
2899,5789,0
2900,5790,2
2901,5791,3
2902,5793,3
2903,5794,2
2904,5796,0
2905,5797,2
2906,5801,2
2907,5803,2
2908,5804,0
2909,5805,2
2910,5806,1
2911,5808,0
2912,5813,2
2913,5815,2
2914,5816,0
2915,5822,2
2916,5823,0
2917,5825,3
2918,5827,0
2919,5829,3
2920,5830,2
2921,5831,0
2922,5832,2
2923,5833,0
2924,5837,0
2925,5838,2
2926,5839,2
2927,5842,3
2928,5844,0
2929,5845,0
2930,5846,0
2931,5848,1
2932,5850,0
2933,5851,2
2934,5853,2
2935,5854,3
2936,5858,3
2937,5860,0
2938,5864,3
2939,5866,2
2940,5867,0
2941,5868,2
2942,5869,0
2943,5870,2
2944,5871,0
2945,5874,0
2946,5876,0
2947,5877,2
2948,5878,2
2949,5879,0
2950,5880,2
2951,5884,2
2952,5886,0
2953,5890,2
2954,5896,2
2955,5897,3
2956,5898,2
2957,5901,3
2958,5903,0
2959,5906,2
2960,5908,0
2961,5909,2
2962,5910,0
2963,5911,2
2964,5912,0
2965,5914,0
2966,5919,0
2967,5924,2
2968,5926,2
2969,5929,3
2970,5930,2
2971,5932,2
2972,5933,0
2973,5934,2
2974,5935,0
2975,5936,2
2976,5937,0
2977,5938,2
2978,5939,0
2979,5942,0
2980,5943,2
2981,5944,3
2982,5946,0
2983,5951,2
2984,5953,3
2985,5954,2
2986,5957,3
2987,5961,2
2988,5962,3
2989,5964,1
2990,5965,2
2991,5968,0
2992,5969,2
2993,5974,2
2994,5975,0
2995,5978,1
2996,5981,3
2997,5982,2
2998,5983,0
2999,5989,0
3000,5991,2
3001,5992,3
3002,5995,2
3003,5996,3
3004,5997,0
3005,5998,2
3006,5999,1
3007,6001,0
3008,6002,2
3009,6003,0
3010,6004,2
3011,6006,0
3012,6007,2
3013,6011,2
3014,6012,3
3015,6014,2
3016,6015,3
3017,6016,2
3018,6017,0
3019,6018,2
3020,6024,2
3021,6025,3
3022,6026,0
3023,6028,0
3024,6029,1
3025,6030,2
3026,6036,0
3027,6040,2
3028,6041,0
3029,6042,2
3030,6044,2
3031,6045,3
3032,6047,3
3033,6048,2
3034,6049,0
3035,6051,0
3036,6052,0
3037,6053,2
3038,6054,0
3039,6058,0
3040,6059,2
3041,6062,2
3042,6063,0
3043,6064,3
3044,6065,2
3045,6067,2
3046,6068,0
3047,6070,3
3048,6071,2
3049,6072,0
3050,6080,0
3051,6081,2
3052,6084,3
3053,6087,2
3054,6089,3
3055,6092,0
3056,6094,2
3057,6095,0
3058,6097,0
3059,6100,2
3060,6104,3
3061,6105,2
3062,6106,0
3063,6107,1
3064,6108,2
3065,6109,0
3066,6110,2
3067,6114,0
3068,6116,2
3069,6117,3
3070,6118,2
3071,6123,1
3072,6125,0
3073,6128,0
3074,6130,3
3075,6132,0
3076,6137,1
3077,6139,0
3078,6140,2
3079,6141,0
3080,6142,3
3081,6144,3
3082,6145,2
3083,6146,2
3084,6149,2
3085,6156,2
3086,6159,0
3087,6160,2
3088,6162,3
3089,6164,0
3090,6165,2
3091,6168,1
3092,6169,0
3093,6170,2
3094,6171,0
3095,6172,2
3096,6173,0
3097,6176,2
3098,6177,2
3099,6178,2
3100,6180,2
3101,6181,3
3102,6182,2
3103,6185,2
3104,6186,0
3105,6188,0
3106,6189,2
3107,6192,3
3108,6193,2
3109,6194,3
3110,6195,2
3111,6196,0
3112,6197,2
3113,6201,0
3114,6202,2
3115,6203,0
3116,6204,2
3117,6207,0
3118,6209,2
3119,6210,2
3120,6211,0
3121,6213,0
3122,6216,2
3123,6217,2
3124,6219,2
3125,6222,1
3126,6223,2
3127,6235,2
3128,6240,2
3129,6242,2
3130,6247,2
3131,6251,0
3132,6254,0
3133,6255,2
3134,6260,3
3135,6261,2
3136,6262,3
3137,6264,0
3138,6269,3
3139,6271,0
3140,6275,0
3141,6276,2
3142,6278,2
3143,6279,0
3144,6281,0
3145,6284,2
3146,6286,2
3147,6287,2
3148,6288,2
3149,6292,2
3150,6293,2
3151,6295,2
3152,6298,0
3153,6300,0
3154,6304,3
3155,6308,0
3156,6310,2
3157,6312,0
3158,6320,2
3159,6324,2
3160,6325,0
3161,6330,2
3162,6336,0
3163,6340,0
3164,6341,2
3165,6342,3
3166,6344,2
3167,6345,0
3168,6347,0
3169,6348,2
3170,6349,0
3171,6351,1
3172,6353,0
3173,6354,2
3174,6357,2
3175,6358,0
3176,6360,3
3177,6363,0
3178,6364,2
3179,6368,0
3180,6370,2
3181,6371,2
3182,6377,2
3183,6379,2
3184,6381,2
3185,6382,1
3186,6383,0
3187,6388,0
3188,6390,0
3189,6392,3
3190,6393,2
3191,6395,2
3192,6398,3
3193,6401,1
3194,6402,2
3195,6403,0
3196,6405,2
3197,6406,2
3198,6407,0
3199,6409,3
3200,6411,2
3201,6413,2
3202,6416,0
3203,6417,2
3204,6418,2
3205,6419,0
3206,6420,0
3207,6426,0
3208,6429,2
3209,6430,2
3210,6431,0
3211,6432,2
3212,6434,2
3213,6437,0
3214,6438,2
3215,6439,3
3216,6440,2
3217,6441,2
3218,6442,0
3219,6443,2
3220,6445,2
3221,6448,0
3222,6450,0
3223,6453,2
3224,6455,2
3225,6457,2
3226,6458,0
3227,6461,2
3228,6464,0
3229,6467,2
3230,6469,2
3231,6470,1
3232,6471,2
3233,6473,3
3234,6474,2
3235,6479,2
3236,6481,2
3237,6484,0
3238,6495,2
3239,6496,0
3240,6505,0
3241,6506,2
3242,6508,2
3243,6509,2
3244,6510,3
3245,6512,3
3246,6513,2
3247,6514,0
3248,6515,2
3249,6519,2
3250,6521,2
3251,6523,1
3252,6525,3
3253,6526,2
3254,6528,2
3255,6529,0
3256,6531,3
3257,6533,3
3258,6534,2
3259,6535,0
3260,6536,2
3261,6537,0
3262,6540,2
3263,6541,0
3264,6547,2
3265,6548,0
3266,6551,0
3267,6553,0
3268,6555,3
3269,6556,2
3270,6561,1
3271,6564,2
3272,6565,0
3273,6568,2
3274,6569,0
3275,6573,0
3276,6574,2
3277,6577,0
3278,6579,0
3279,6581,2
3280,6582,0
3281,6585,0
3282,6586,2
3283,6589,3
3284,6590,1
3285,6593,2
3286,6594,0
3287,6595,2
3288,6599,2
3289,6600,2
3290,6601,0
3291,6602,2
3292,6603,0
3293,6604,2
3294,6607,3
3295,6608,3
3296,6609,2
3297,6611,2
3298,6613,0
3299,6614,2
3300,6616,2
3301,6617,0
3302,6618,2
3303,6619,3
3304,6621,3
3305,6627,0
3306,6629,0
3307,6631,1
3308,6634,2
3309,6636,2
3310,6638,2
3311,6639,0
3312,6641,0
3313,6642,2
3314,6651,0
3315,6654,2
3316,6657,2
3317,6663,2
3318,6665,0
3319,6666,2
3320,6668,2
3321,6669,3
3322,6670,2
3323,6671,2
3324,6673,2
3325,6675,2
3326,6676,1
3327,6677,2
3328,6679,2
3329,6680,0
3330,6681,3
3331,6685,3
3332,6688,2
3333,6689,2
3334,6690,0
3335,6692,0
3336,6693,2
3337,6694,2
3338,6698,0
3339,6699,2
3340,6700,0
3341,6701,2
3342,6702,0
3343,6704,2
3344,6707,0
3345,6712,0
3346,6713,2
3347,6715,2
3348,6721,0
3349,6722,2
3350,6723,0
3351,6724,2
3352,6725,0
3353,6731,0
3354,6735,1
3355,6736,2
3356,6737,3
3357,6738,2
3358,6739,3
3359,6741,3
3360,6743,2
3361,6745,2
3362,6747,0
3363,6749,2
3364,6750,3
3365,6751,0
3366,6752,2
3367,6753,0
3368,6755,0
3369,6756,2
3370,6757,3
3371,6759,0
3372,6761,2
3373,6763,2
3374,6764,0
3375,6765,2
3376,6766,0
3377,6768,0
3378,6771,2
3379,6773,2
3380,6774,2
3381,6778,0
3382,6779,2
3383,6781,2
3384,6784,2
3385,6786,2
3386,6787,0
3387,6790,2
3388,6793,3
3389,6795,0
3390,6798,0
3391,6806,3
3392,6807,2
3393,6810,2
3394,6815,0
3395,6816,2
3396,6817,3
3397,6818,2
3398,6819,3
3399,6820,2
3400,6822,2
3401,6823,0
3402,6824,0
3403,6825,2
3404,6828,1
3405,6829,0
3406,6831,0
3407,6832,2
3408,6833,0
3409,6834,2
3410,6836,2
3411,6837,0
3412,6838,2
3413,6840,3
3414,6843,2
3415,6845,2
3416,6846,2
3417,6847,0
3418,6851,0
3419,6852,2
3420,6853,0
3421,6858,2
3422,6861,0
3423,6863,0
3424,6864,1
3425,6865,2
3426,6866,0
3427,6867,2
3428,6868,3
3429,6869,2
3430,6870,0
3431,6874,0
3432,6875,2
3433,6877,0
3434,6878,2
3435,6880,2
3436,6883,0
3437,6884,2
3438,6886,2
3439,6890,2
3440,6893,0
3441,6894,2
3442,6899,0
3443,6900,2
3444,6904,2
3445,6905,0
3446,6906,2
3447,6910,2
3448,6912,3
3449,6913,0
3450,6920,2
3451,6922,2
3452,6923,0
3453,6926,2
3454,6927,0
3455,6928,2
3456,6931,0
3457,6933,2
3458,6936,2
3459,6937,0
3460,6939,0
3461,6941,2
3462,6942,0
3463,6943,2
3464,6944,3
3465,6945,2
3466,6946,0
3467,6947,0
3468,6949,3
3469,6951,3
3470,6953,0
3471,6954,2
3472,6955,0
3473,6963,0
3474,6964,2
3475,6966,2
3476,6968,2
3477,6970,3
3478,6972,0
3479,6976,0
3480,6978,0
3481,6981,0
3482,6985,3
3483,6986,2
3484,6987,0
3485,6989,0
3486,6991,0
3487,6993,0
3488,6994,2
3489,6995,0
3490,6996,2
3491,6997,0
3492,6998,1
3493,7001,0
3494,7003,0
3495,7006,2
3496,7008,2
3497,7010,2
3498,7011,2
3499,7012,0
3500,7013,2
3501,7014,0
3502,7017,3
3503,7018,2
3504,7019,2
3505,7023,2
3506,7024,3
3507,7025,2
3508,7026,0
3509,7027,2
3510,7028,0
3511,7030,0
3512,7031,2
3513,7033,0
3514,7036,2
3515,7037,2
3516,7039,2
3517,7044,2
3518,7045,0
3519,7046,2
3520,7049,3
3521,7050,2
3522,7051,3
3523,7054,0
3524,7055,2
3525,7057,2
3526,7060,0
3527,7061,2
3528,7063,2
3529,7064,0
3530,7067,2
3531,7071,2
3532,7074,3
3533,7075,2
3534,7078,0
3535,7079,2
3536,7080,0
3537,7081,2
3538,7082,0
3539,7083,2
3540,7085,0
3541,7092,3
3542,7094,2
3543,7100,2
3544,7101,0
3545,7102,0
3546,7104,0
3547,7105,2
3548,7106,2
3549,7107,3
3550,7108,1
3551,7109,2
3552,7110,0
3553,7112,2
3554,7113,3
3555,7114,2
3556,7116,0
3557,7117,2
3558,7118,3
3559,7120,2
3560,7121,3
3561,7123,3
3562,7124,2
3563,7127,3
3564,7131,3
3565,7132,2
3566,7133,2
3567,7134,0
3568,7135,2
3569,7136,0
3570,7137,2
3571,7141,2
3572,7144,3
3573,7147,0
3574,7148,2
3575,7150,2
3576,7151,2
3577,7152,3
3578,7154,2
3579,7156,2
3580,7157,3
3581,7159,0
3582,7161,2
3583,7163,2
3584,7164,3
3585,7167,1
3586,7169,3
3587,7170,2
3588,7173,2
3589,7174,3
3590,7177,0
3591,7178,3
3592,7179,2
3593,7180,1
3594,7181,0
3595,7182,2
3596,7184,2
3597,7185,0
3598,7186,2
3599,7187,0
3600,7188,2
3601,7189,0
3602,7191,3
3603,7193,0
3604,7197,2
3605,7199,2
3606,7200,0
3607,7201,2
3608,7204,2
3609,7207,0
3610,7209,0
3611,7210,2
3612,7211,0
3613,7213,2
3614,7214,0
3615,7216,0
3616,7217,2
3617,7220,0
3618,7224,0
3619,7225,2
3620,7226,0
3621,7227,2
3622,7234,0
3623,7236,1
3624,7239,3
3625,7240,2
3626,7242,0
3627,7244,0
3628,7245,2
3629,7247,0
3630,7248,2
3631,7249,0
3632,7250,0
3633,7251,2
3634,7252,0
3635,7253,1
3636,7256,2
3637,7260,2
3638,7261,0
3639,7264,2
3640,7269,0
3641,7270,2
3642,7273,0
3643,7279,2
3644,7281,0
3645,7284,2
3646,7285,0
3647,7286,0
3648,7287,2
3649,7289,2
3650,7292,2
3651,7293,0
3652,7296,2
3653,7297,0
3654,7298,2
3655,7299,0
3656,7301,3
3657,7304,0
3658,7306,0
3659,7308,2
3660,7309,3
3661,7312,2
3662,7313,1
3663,7314,2
3664,7316,2
3665,7319,0
3666,7321,2
3667,7323,2
3668,7324,3
3669,7325,2
3670,7328,3
3671,7330,1
3672,7334,2
3673,7337,0
3674,7338,2
3675,7339,2
3676,7341,2
3677,7342,0
3678,7344,0
3679,7345,0
3680,7347,0
3681,7349,0
3682,7350,2
3683,7353,0
3684,7355,0
3685,7356,2
3686,7357,0
3687,7358,2
3688,7360,2
3689,7363,3
3690,7364,2
3691,7366,2
3692,7368,2
3693,7369,0
3694,7370,2
3695,7373,2
3696,7374,0
3697,7375,2
3698,7377,2
3699,7379,2
3700,7380,0
3701,7382,0
3702,7383,2
3703,7385,2
3704,7386,3
3705,7391,2
3706,7394,2
3707,7396,0
3708,7397,2
3709,7399,2
3710,7400,0
3711,7403,1
3712,7405,0
3713,7408,0
3714,7414,0
3715,7416,0
3716,7417,2
3717,7419,2
3718,7420,2
3719,7421,2
3720,7422,2
3721,7423,3
3722,7425,1
3723,7430,2
3724,7432,2
3725,7433,2
3726,7434,0
3727,7436,0
3728,7437,2
3729,7438,3
3730,7440,0
3731,7441,2
3732,7442,0
3733,7445,0
3734,7446,3
3735,7448,0
3736,7450,0
3737,7451,2
3738,7454,0
3739,7455,2
3740,7457,0
3741,7459,3
3742,7462,2
3743,7464,2
3744,7465,0
3745,7466,2
3746,7467,0
3747,7469,0
3748,7472,2
3749,7473,0
3750,7479,2
3751,7480,3
3752,7484,0
3753,7491,2
3754,7494,3
3755,7495,2
3756,7501,2
3757,7503,2
3758,7504,3
3759,7505,2
3760,7508,0
3761,7509,2
3762,7510,1
3763,7511,0
3764,7515,2
3765,7516,0
3766,7517,2
3767,7518,3
3768,7519,2
3769,7521,2
3770,7522,3
3771,7524,3
3772,7526,3
3773,7527,2
3774,7528,3
3775,7529,2
3776,7534,0
3777,7537,0
3778,7538,2
3779,7540,2
3780,7541,0
3781,7545,0
3782,7551,0
3783,7553,2
3784,7554,3
3785,7555,2
3786,7561,0
3787,7562,2
3788,7564,2
3789,7565,0
3790,7566,2
3791,7567,0
3792,7569,3
3793,7570,2
3794,7571,0
3795,7572,2
3796,7574,3
3797,7578,0
3798,7579,2
3799,7586,2
3800,7587,1
3801,7590,2
3802,7593,0
3803,7594,2
3804,7595,2
3805,7600,2
3806,7601,1
3807,7602,2
3808,7603,0
3809,7604,2
3810,7606,2
3811,7608,0
3812,7613,1
3813,7615,0
3814,7616,0
3815,7617,0
3816,7618,2
3817,7619,3
3818,7622,2
3819,7623,3
3820,7624,2
3821,7625,0
3822,7626,2
3823,7627,3
3824,7628,1
3825,7631,3
3826,7632,3
3827,7633,2
3828,7634,0
3829,7635,2
3830,7636,0
3831,7637,0
3832,7639,2
3833,7640,1
3834,7644,0
3835,7645,2
3836,7648,0
3837,7649,2
3838,7650,0
3839,7652,0
3840,7653,2
3841,7655,2
3842,7659,0
3843,7662,2
3844,7664,2
3845,7666,2
3846,7668,2
3847,7669,0
3848,7670,2
3849,7672,2
3850,7673,0
3851,7678,2
3852,7679,1
3853,7680,3
3854,7683,2
3855,7685,0
3856,7688,2
3857,7690,0
3858,7692,2
3859,7693,2
3860,7695,0
3861,7696,2
3862,7698,2
3863,7699,0
3864,7702,2
3865,7703,0
3866,7704,2
3867,7707,0
3868,7713,1
3869,7715,3
3870,7717,0
3871,7718,2
3872,7719,0
3873,7721,0
3874,7722,2
3875,7725,3
3876,7727,3
3877,7730,1
3878,7733,2
3879,7735,3
3880,7740,0
3881,7741,0
3882,7742,2
3883,7744,0
3884,7747,2
3885,7750,1
3886,7752,0
3887,7754,0
3888,7756,3
3889,7757,2
3890,7758,0
3891,7760,3
3892,7761,2
3893,7763,0
3894,7765,2
3895,7767,0
3896,7768,2
3897,7771,2
3898,7773,2
3899,7774,0
3900,7776,0
3901,7779,2
3902,7783,2
3903,7786,3
3904,7787,2
3905,7789,2
3906,7791,2
3907,7793,2
3908,7794,0
3909,7795,2
3910,7799,1
3911,7800,0
3912,7802,2
3913,7805,0
3914,7807,3
3915,7808,2
3916,7811,3
3917,7817,0
3918,7818,3
3919,7819,2
3920,7822,2
3921,7823,0
3922,7825,0
3923,7828,2
3924,7832,2
3925,7833,1
3926,7834,0
3927,7835,2
3928,7837,2
3929,7840,2
3930,7842,2
3931,7843,0
3932,7844,2
3933,7846,2
3934,7850,2
3935,7853,0
3936,7855,0
3937,7858,2
3938,7863,0
3939,7865,0
3940,7866,2
3941,7868,2
3942,7869,0
3943,7871,1
3944,7872,3
3945,7874,3
3946,7877,0
3947,7878,2
3948,7879,0
3949,7881,2
3950,7883,2
3951,7885,3
3952,7886,2
3953,7889,2
3954,7890,3
3955,7891,2
3956,7893,2
3957,7894,0
3958,7896,0
3959,7898,3
3960,7901,2
3961,7902,0
3962,7904,0
3963,7905,2
3964,7906,0
3965,7909,2
3966,7910,3
3967,7913,2
3968,7918,0
3969,7919,2
3970,7923,2
3971,7925,2
3972,7927,2
3973,7930,2
3974,7932,2
3975,7933,2
3976,7935,2
3977,7939,3
3978,7942,2
3979,7943,0
3980,7945,0
3981,7946,2
3982,7948,2
3983,7949,0
3984,7950,2
3985,7951,0
3986,7955,3
3987,7959,2
3988,7960,0
3989,7961,2
3990,7962,3
3991,7964,3
3992,7965,2
3993,7966,0
3994,7967,3
3995,7968,2
3996,7971,3
3997,7974,2
3998,7976,3
3999,7978,0
4000,7982,0
4001,7983,2
4002,7984,3
4003,7986,2
4004,7989,0
4005,7991,0
4006,7992,0
4007,7993,2
4008,7994,0
4009,7995,2
4010,7997,2
4011,7998,3
4012,7999,0
4013,8002,2
4014,8007,2
4015,8009,2
4016,8011,2
4017,8013,2
4018,8015,3
4019,8017,0
4020,8019,0
4021,8023,2
4022,8024,0
4023,8026,0
4024,8027,2
4025,8029,2
4026,8030,0
4027,8031,2
4028,8033,2
4029,8035,2
4030,8036,0
4031,8039,3
4032,8042,2
4033,8044,2
4034,8046,1
4035,8048,0
4036,8049,2
4037,8050,0
4038,8053,2
4039,8054,2
4040,8059,2
4041,8061,2
4042,8062,0
4043,8064,0
4044,8066,3
4045,8067,2
4046,8068,2
4047,8070,2
4048,8071,0
4049,8072,2
4050,8076,2
4051,8080,2
4052,8081,0
4053,8084,2
4054,8087,0
4055,8089,2
4056,8090,0
4057,8091,3
4058,8094,0
4059,8100,2
4060,8101,2
4061,8110,2
4062,8111,0
4063,8112,2
4064,8115,0
4065,8116,2
4066,8118,0
4067,8121,0
4068,8125,0
4069,8127,0
4070,8128,2
4071,8129,0
4072,8131,2
4073,8138,2
4074,8139,3
4075,8140,2
4076,8141,2
4077,8142,0
4078,8143,0
4079,8145,0
4080,8146,2
4081,8148,0
4082,8153,0
4083,8154,2
4084,8155,0
4085,8161,2
4086,8162,0
4087,8163,2
4088,8166,0
4089,8168,0
4090,8170,2
4091,8172,0
4092,8173,2
4093,8176,0
4094,8179,2
4095,8181,2
4096,8182,0
4097,8184,0
4098,8190,3
4099,8191,2
4100,8194,0
4101,8196,0
4102,8198,0
4103,8199,0
4104,8201,0
4105,8202,2
4106,8207,2
4107,8208,0
4108,8211,0
4109,8214,0
4110,8217,2
4111,8218,0
4112,8222,2
4113,8229,3
4114,8231,2
4115,8233,2
4116,8236,2
4117,8238,0
4118,8240,3
4119,8243,0
4120,8246,0
4121,8250,2
4122,8254,2
4123,8256,1
4124,8257,0
4125,8258,2
4126,8260,2
4127,8261,0
4128,8263,0
4129,8264,2
4130,8267,0
4131,8268,2
4132,8271,2
4133,8272,0
4134,8275,2
4135,8276,2
4136,8277,3
4137,8278,0
4138,8279,2
4139,8280,0
4140,8281,2
4141,8282,0
4142,8287,0
4143,8288,2
4144,8289,0
4145,8294,2
4146,8296,2
4147,8299,0
4148,8302,3
4149,8308,0
4150,8314,3
4151,8315,2
4152,8316,0
4153,8317,2
4154,8319,0
4155,8320,2
4156,8321,0
4157,8323,2
4158,8325,2
4159,8326,0
4160,8328,0
4161,8330,0
4162,8331,2
4163,8332,0
4164,8334,2
4165,8338,2
4166,8339,2
4167,8341,2
4168,8345,0
4169,8346,2
4170,8347,3
4171,8349,2
4172,8351,2
4173,8352,0
4174,8353,0
4175,8355,0
4176,8358,0
4177,8359,0
4178,8360,2
4179,8361,0
4180,8363,3
4181,8364,2
4182,8365,2
4183,8366,3
4184,8370,0
4185,8372,2
4186,8376,2
4187,8377,0
4188,8379,0
4189,8380,2
4190,8381,0
4191,8386,2
4192,8388,3
4193,8389,2
4194,8391,0
4195,8394,2
4196,8396,3
4197,8398,3
4198,8400,0
4199,8401,2
4200,8404,2
4201,8407,2
4202,8408,0
4203,8409,0
4204,8410,3
4205,8411,2
4206,8413,2
4207,8414,0
4208,8416,2
